timestamp,speed,count,duration
2015-06-25 17:14:18.641129,1000,1,0:00:54.105126
2015-06-25 17:16:40.434219,2000,2,0:03:15.898216
2015-06-25 17:16:45.906595,2000,3,0:03:21.370592
2015-06-25 17:16:56.913264,,4,0:03:32.377261
2015-06-25 17:17:00.570020,,5,0:03:36.034017
2015-06-25 17:17:03.961616,,6,0:03:39.425613
2015-06-25 17:17:07.265658,,7,0:03:42.729655
2015-06-25 17:17:16.190490,,8,0:03:51.654487
2015-06-25 17:17:52.571232,,9,0:04:28.035229
2015-06-25 17:17:52.891776,,10,0:04:28.355773
2015-06-25 17:17:56.499449,,11,0:04:31.963446
2015-06-25 17:17:58.411560,,12,0:04:33.875557
2015-06-25 17:17:58.819381,,13,0:04:34.283378
2015-06-25 17:18:00.459464,,14,0:04:35.923461
2015-06-25 17:18:00.651244,,15,0:04:36.115241
2015-06-25 17:18:01.827503,,16,0:04:37.291500
2015-06-25 17:18:03.091500,,17,0:04:38.555497
2015-06-25 17:18:05.531278,,18,0:04:40.995275
2015-06-25 17:18:08.290376,,19,0:04:43.754373
2015-06-25 17:18:10.955162,,20,0:04:46.419159
2015-06-25 17:18:16.092165,,21,0:04:51.556162
2015-06-25 17:18:19.259981,,22,0:04:54.723978
2015-06-25 17:18:21.411860,,23,0:04:56.875857
2015-06-25 17:18:29.041090,,24,0:05:04.505087
2015-06-25 17:19:11.609465,,25,0:05:47.073462
2015-06-25 17:19:13.984823,,26,0:05:49.448820
2015-06-25 17:19:14.672872,,27,0:05:50.136869
2015-06-25 17:19:15.720591,,28,0:05:51.184588
2015-06-25 17:19:17.944735,,29,0:05:53.408732
2015-06-25 17:19:21.560849,,30,0:05:57.024846
2015-06-25 17:19:22.192780,,31,0:05:57.656777
2015-06-25 17:19:24.425035,,32,0:05:59.889032
2015-06-25 17:19:24.592931,,33,0:06:00.056928
2015-06-25 17:19:26.656963,,34,0:06:02.120960
2015-06-25 17:19:29.087630,,35,0:06:04.551627
2015-06-25 17:19:31.896427,,36,0:06:07.360424
2015-06-25 17:19:32.696783,,37,0:06:08.160780
2015-06-25 17:19:33.888916,,38,0:06:09.352913
2015-06-25 17:19:35.136712,,39,0:06:10.600709
2015-06-25 17:19:37.711571,,40,0:06:13.175568
2015-06-25 17:19:39.656450,,41,0:06:15.120447
2015-06-25 17:19:40.696602,,42,0:06:16.160599
2015-06-25 17:19:40.888454,,43,0:06:16.352451
2015-06-25 17:19:47.464142,,44,0:06:22.928139
2015-06-25 17:19:52.296571,,45,0:06:27.760568
2015-06-25 17:19:52.552603,,46,0:06:28.016600
2015-06-25 17:19:55.968566,,47,0:06:31.432563
2015-06-25 17:19:59.989975,,48,0:06:35.453972
2015-06-25 17:20:01.750001,,49,0:06:37.213998
2015-06-25 17:20:34.075612,,50,0:07:09.539609
2015-06-25 17:20:39.403306,,51,0:07:14.867303
2015-06-25 17:20:39.578777,,52,0:07:15.042774
2015-06-25 17:20:43.277263,,53,0:07:18.741260
2015-06-25 17:20:44.813604,,54,0:07:20.277601
2015-06-25 17:20:46.565560,,55,0:07:22.029557
2015-06-25 17:20:49.517489,,56,0:07:24.981486
2015-06-25 17:20:49.933615,,57,0:07:25.397612
2015-06-25 17:20:53.299683,,58,0:07:28.763680
2015-06-25 17:20:54.468381,,59,0:07:29.932378
2015-06-25 17:20:55.308167,,60,0:07:30.772164
2015-06-25 17:20:58.100099,,61,0:07:33.564096
2015-06-25 17:20:59.699786,,62,0:07:35.163783
2015-06-25 17:21:02.619823,,63,0:07:38.083820
2015-06-25 17:21:03.132078,,64,0:07:38.596075
2015-06-25 17:21:07.012113,,65,0:07:42.476110
2015-06-25 17:21:09.443992,,66,0:07:44.907989
2015-06-25 17:21:10.195838,,67,0:07:45.659835
2015-06-25 17:21:13.627832,,68,0:07:49.091829
2015-06-25 17:21:28.963994,,69,0:08:04.427991
2015-06-25 17:21:53.901079,,70,0:08:29.365076
2015-06-25 17:21:55.917701,,71,0:08:31.381698
2015-06-25 17:21:56.421674,,72,0:08:31.885671
2015-06-25 17:21:59.117518,,73,0:08:34.581515
2015-06-25 17:22:00.629480,,74,0:08:36.093477
2015-06-25 17:22:03.005334,,75,0:08:38.469331
2015-06-25 17:22:03.933176,,76,0:08:39.397173
2015-06-25 17:22:04.741403,,77,0:08:40.205400
2015-06-25 17:22:07.981328,,78,0:08:43.445325
2015-06-25 17:22:08.309275,,79,0:08:43.773272
2015-06-25 17:22:11.701236,,80,0:08:47.165233
2015-06-25 17:22:13.749173,,81,0:08:49.213170
2015-06-25 17:22:16.868951,,82,0:08:52.332948
2015-06-25 17:22:18.197206,,83,0:08:53.661203
2015-06-25 17:22:20.021096,,84,0:08:55.485093
2015-06-25 17:22:21.445092,,85,0:08:56.909089
2015-06-25 17:22:38.142188,,86,0:09:13.606185
2015-06-25 17:22:44.413914,,87,0:09:19.877911
2015-06-25 17:23:15.377323,,88,0:09:50.841320
2015-06-25 17:23:17.129227,,89,0:09:52.593224
2015-06-25 17:23:17.721564,,90,0:09:53.185561
2015-06-25 17:23:17.905306,,91,0:09:53.369303
2015-06-25 17:23:23.232631,,92,0:09:58.696628
2015-06-25 17:23:26.432497,,93,0:10:01.896494
2015-06-25 17:23:28.960282,,94,0:10:04.424279
2015-06-25 17:23:31.048428,,95,0:10:06.512425
2015-06-25 17:23:33.328129,,96,0:10:08.792126
2015-06-25 17:23:37.440246,,97,0:10:12.904243
2015-06-25 17:24:04.649876,,98,0:10:40.113873
2015-06-25 17:24:05.706304,,99,0:10:41.170301
2015-06-25 17:24:32.707333,,100,0:11:08.171330
2015-06-25 17:24:34.643405,,101,0:11:10.107402
2015-06-25 17:24:35.931617,,102,0:11:11.395614
2015-06-25 17:24:38.338608,,103,0:11:13.802605
2015-06-25 17:24:40.083695,,104,0:11:15.547692
2015-06-25 17:24:40.299627,,105,0:11:15.763624
2015-06-25 17:24:42.611578,,106,0:11:18.075575
2015-06-25 17:24:44.267532,,107,0:11:19.731529
2015-06-25 17:24:46.475319,,108,0:11:21.939316
2015-06-25 17:24:46.635316,,109,0:11:22.099313
2015-06-25 17:24:48.346978,,110,0:11:23.810975
2015-06-25 17:24:49.114772,,111,0:11:24.578769
2015-06-25 17:24:52.035357,,112,0:11:27.499354
2015-06-25 17:24:53.691479,,113,0:11:29.155476
2015-06-25 17:24:55.867415,,114,0:11:31.331412
2015-06-25 17:24:58.995095,,115,0:11:34.459092
2015-06-25 17:25:06.203999,,116,0:11:41.667996
2015-06-25 17:25:53.779419,,117,0:12:29.243416
2015-06-25 17:25:54.875410,,118,0:12:30.339407
2015-06-25 17:25:56.691410,,119,0:12:32.155407
2015-06-25 17:25:57.955330,,120,0:12:33.419327
2015-06-25 17:25:58.379308,,121,0:12:33.843305
2015-06-25 17:26:03.129627,,122,0:12:38.593624
2015-06-25 17:26:03.745859,,123,0:12:39.209856
2015-06-25 17:26:07.217881,,124,0:12:42.681878
2015-06-25 17:26:09.521810,,125,0:12:44.985807
2015-06-25 17:26:13.318878,,126,0:12:48.782875
2015-06-25 17:26:15.558919,,127,0:12:51.022916
2015-06-25 17:26:17.326788,,128,0:12:52.790785
2015-06-25 17:26:18.254866,,129,0:12:53.718863
2015-06-25 17:27:17.162399,,130,0:13:52.626396
2015-06-25 17:27:17.826752,,131,0:13:53.290749
2015-06-25 17:27:18.546838,,132,0:13:54.010835
2015-06-25 17:27:19.218800,,133,0:13:54.682797
2015-06-25 17:27:21.930692,,134,0:13:57.394689
2015-06-25 17:27:23.298762,,135,0:13:58.762759
2015-06-25 17:27:25.650717,,136,0:14:01.114714
2015-06-25 17:27:30.040555,,137,0:14:05.504552
2015-06-25 17:27:31.656900,,138,0:14:07.120897
2015-06-25 17:27:32.928738,,139,0:14:08.392735
2015-06-25 17:27:33.632389,,140,0:14:09.096386
2015-06-25 17:27:37.635667,,141,0:14:13.099664
2015-06-25 17:27:39.059704,,142,0:14:14.523701
2015-06-25 17:27:40.163476,,143,0:14:15.627473
2015-06-25 17:27:42.675559,,144,0:14:18.139556
2015-06-25 17:27:50.779807,,145,0:14:26.243804
2015-06-25 17:28:10.597499,,146,0:14:46.061496
2015-06-25 17:28:32.831346,,147,0:15:08.295343
2015-06-25 17:28:36.183473,,148,0:15:11.647470
2015-06-25 17:28:38.135437,,149,0:15:13.599434
2015-06-25 17:28:41.167350,,150,0:15:16.631347
2015-06-25 17:28:42.551286,,151,0:15:18.015283
2015-06-25 17:28:43.807347,,152,0:15:19.271344
2015-06-25 17:28:45.983169,,153,0:15:21.447166
2015-06-25 17:28:46.447222,,154,0:15:21.911219
2015-06-25 17:28:48.439182,,155,0:15:23.903179
2015-06-25 17:28:50.599019,,156,0:15:26.063016
2015-06-25 17:28:54.092524,,157,0:15:29.556521
2015-06-25 17:28:54.356627,,158,0:15:29.820624
2015-06-25 17:28:55.844589,,159,0:15:31.308586
2015-06-25 17:28:56.891970,,160,0:15:32.355967
2015-06-25 17:28:59.364567,,161,0:15:34.828564
2015-06-25 17:29:01.420435,,162,0:15:36.884432
2015-06-25 17:29:01.748384,,163,0:15:37.212381
2015-06-25 17:29:03.996335,,164,0:15:39.460332
2015-06-25 17:29:04.236212,,165,0:15:39.700209
2015-06-25 17:29:38.891136,,166,0:16:14.355133
2015-06-25 17:29:53.049769,,167,0:16:28.513766
2015-06-25 17:29:55.289801,,168,0:16:30.753798
2015-06-25 17:29:56.249818,,169,0:16:31.713815
2015-06-25 17:29:59.977789,,170,0:16:35.441786
2015-06-25 17:30:01.481750,,171,0:16:36.945747
2015-06-25 17:30:04.017650,,172,0:16:39.481647
2015-06-25 17:30:04.249611,,173,0:16:39.713608
2015-06-25 17:30:05.689523,,174,0:16:41.153520
2015-06-25 17:30:06.489650,,175,0:16:41.953647
2015-06-25 17:30:08.233660,,176,0:16:43.697657
2015-06-25 17:30:08.689513,,177,0:16:44.153510
2015-06-25 17:30:11.073513,,178,0:16:46.537510
2015-06-25 17:31:14.710478,,179,0:17:50.174475
2015-06-25 17:31:19.206263,,180,0:17:54.670260
2015-06-25 17:31:20.878451,,181,0:17:56.342448
2015-06-25 17:31:22.286409,,182,0:17:57.750406
2015-06-25 17:31:22.926158,,183,0:17:58.390155
2015-06-25 17:31:24.958298,,184,0:18:00.422295
2015-06-25 17:31:26.798224,,185,0:18:02.262221
2015-06-25 17:31:31.511394,,186,0:18:06.975391
2015-06-25 17:31:34.207188,,187,0:18:09.671185
2015-06-25 17:31:37.431022,,188,0:18:12.895019
2015-06-25 17:31:39.847131,,189,0:18:15.311128
2015-06-25 17:32:28.007180,,190,0:19:03.471177
2015-06-25 17:32:33.254877,,191,0:19:08.718874
2015-06-25 17:32:35.975059,,192,0:19:11.439056
2015-06-25 17:32:36.471066,,193,0:19:11.935063
2015-06-25 17:32:38.983089,,194,0:19:14.447086
2015-06-25 17:32:41.567092,,195,0:19:17.031089
2015-06-25 17:32:41.886623,,196,0:19:17.350620
2015-06-25 17:32:44.526907,,197,0:19:19.990904
2015-06-25 17:32:46.030775,,198,0:19:21.494772
2015-06-25 17:32:47.310926,,199,0:19:22.774923
2015-06-25 17:32:48.926695,,200,0:19:24.390692
2015-06-25 17:32:50.966514,,201,0:19:26.430511
2015-06-25 17:32:51.302605,,202,0:19:26.766602
2015-06-25 17:32:53.974600,,203,0:19:29.438597
2015-06-25 17:32:54.374607,,204,0:19:29.838604
2015-06-25 17:32:56.046439,,205,0:19:31.510436
2015-06-25 17:32:56.606610,,206,0:19:32.070607
2015-06-25 17:32:59.966455,,207,0:19:35.430452
2015-06-25 17:33:09.612006,,208,0:19:45.076003
2015-06-25 17:33:54.742574,,209,0:20:30.206571
2015-06-25 17:33:55.870850,,210,0:20:31.334847
2015-06-25 17:33:58.334810,,211,0:20:33.798807
2015-06-25 17:34:02.557118,,212,0:20:38.021115
2015-06-25 17:34:02.965255,,213,0:20:38.429252
2015-06-25 17:34:13.230032,,214,0:20:48.694029
2015-06-25 17:34:14.062168,,215,0:20:49.526165
2015-06-25 17:34:16.790267,,216,0:20:52.254264
2015-06-25 17:34:20.398156,,217,0:20:55.862153
2015-06-25 17:34:43.313729,,218,0:21:18.777726
2015-06-25 17:35:06.299850,,219,0:21:41.763847
2015-06-25 17:35:12.242880,,220,0:21:47.706877
2015-06-25 17:35:20.033249,,221,0:21:55.497246
2015-06-25 17:35:22.352910,,222,0:21:57.816907
2015-06-25 17:35:25.457345,,223,0:22:00.921342
2015-06-25 17:35:27.192978,,224,0:22:02.656975
2015-06-25 17:35:31.360910,,225,0:22:06.824907
2015-06-25 17:35:32.849037,,226,0:22:08.313034
2015-06-25 17:35:35.968898,,227,0:22:11.432895
2015-06-25 17:36:33.745428,,228,0:23:09.209425
2015-06-25 17:36:34.954050,,229,0:23:10.418047
2015-06-25 17:36:37.505973,,230,0:23:12.969970
2015-06-25 17:36:39.993906,,231,0:23:15.457903
2015-06-25 17:36:41.209575,,232,0:23:16.673572
2015-06-25 17:36:42.529700,,233,0:23:17.993697
2015-06-25 17:36:44.257797,,234,0:23:19.721794
2015-06-25 17:36:44.473630,,235,0:23:19.937627
2015-06-25 17:36:46.017627,,236,0:23:21.481624
2015-06-25 17:36:52.167068,,237,0:23:27.631065
2015-06-25 17:36:56.279065,,238,0:23:31.743062
2015-06-25 17:37:17.947751,,239,0:23:53.411748
2015-06-25 17:37:44.810195,,240,0:24:20.274192
2015-06-25 17:37:53.722940,,241,0:24:29.186937
2015-06-25 17:37:54.114825,,242,0:24:29.578822
2015-06-25 17:37:55.666900,,243,0:24:31.130897
2015-06-25 17:37:55.930821,,244,0:24:31.394818
2015-06-25 17:37:57.595006,,245,0:24:33.059003
2015-06-25 17:37:59.410919,,246,0:24:34.874916
2015-06-25 17:38:00.258924,,247,0:24:35.722921
2015-06-25 17:38:01.914530,,248,0:24:37.378527
2015-06-25 17:38:02.626740,,249,0:24:38.090737
2015-06-25 17:38:04.498769,,250,0:24:39.962766
2015-06-25 17:38:06.634802,,251,0:24:42.098799
2015-06-25 17:38:08.538763,,252,0:24:44.002760
2015-06-25 17:38:10.802696,,253,0:24:46.266693
2015-06-25 17:38:15.886711,,254,0:24:51.350708
2015-06-25 17:38:17.334761,,255,0:24:52.798758
2015-06-25 17:38:18.782701,,256,0:24:54.246698
2015-06-25 17:38:38.335520,,257,0:25:13.799517
2015-06-25 17:38:48.198705,,258,0:25:23.662702
2015-06-25 17:39:13.704764,,259,0:25:49.168761
2015-06-25 17:39:26.593663,,260,0:26:02.057660
2015-06-25 17:39:27.129185,,261,0:26:02.593182
2015-06-25 17:39:29.465578,,262,0:26:04.929575
2015-06-25 17:39:33.051903,,263,0:26:08.515900
2015-06-25 17:39:34.812250,,264,0:26:10.276247
2015-06-25 17:39:35.324037,,265,0:26:10.788034
2015-06-25 17:39:36.371970,,266,0:26:11.835967
2015-06-25 17:39:37.588103,,267,0:26:13.052100
2015-06-25 17:39:51.554330,,268,0:26:27.018327
2015-06-25 17:39:53.866278,,269,0:26:29.330275
2015-06-25 17:39:56.106725,,270,0:26:31.570722
2015-06-25 17:40:26.692288,,271,0:27:02.156285
2015-06-25 17:40:31.524391,,272,0:27:06.988388
2015-06-25 17:40:34.235945,,273,0:27:09.699942
2015-06-25 17:40:36.220386,,274,0:27:11.684383
2015-06-25 17:40:38.428338,,275,0:27:13.892335
2015-06-25 17:40:42.983560,,276,0:27:18.447557
2015-06-25 17:40:43.528060,,277,0:27:18.992057
2015-06-25 17:40:47.407949,,278,0:27:22.871946
2015-06-25 17:40:49.680075,,279,0:27:25.144072
2015-06-25 17:40:51.295891,,280,0:27:26.759888
2015-06-25 17:40:55.008576,,281,0:27:30.472573
2015-06-25 17:40:56.008267,,282,0:27:31.472264
2015-06-25 17:40:56.727532,,283,0:27:32.191529
2015-06-25 17:40:58.400425,,284,0:27:33.864422
2015-06-25 17:41:56.183141,,285,0:28:31.647138
2015-06-25 17:41:59.375377,,286,0:28:34.839374
2015-06-25 17:42:05.649673,,287,0:28:41.113670
2015-06-25 17:42:06.409832,,288,0:28:41.873829
2015-06-25 17:42:09.737876,,289,0:28:45.201873
2015-06-25 17:42:11.441431,,290,0:28:46.905428
2015-06-25 17:42:15.678487,,291,0:28:51.142484
2015-06-25 17:42:16.902713,,292,0:28:52.366710
2015-06-25 17:42:20.615344,,293,0:28:56.079341
2015-06-25 17:42:21.503758,,294,0:28:56.967755
2015-06-25 17:42:25.357779,,295,0:29:00.821776
2015-06-25 17:42:28.005673,,296,0:29:03.469670
2015-06-25 17:42:33.440363,,297,0:29:08.904360
2015-06-25 17:43:01.451189,,298,0:29:36.915186
2015-06-25 17:43:17.017029,,299,0:29:52.481026
2015-06-25 17:43:19.769298,,300,0:29:55.233295
2015-06-25 17:43:23.195419,,301,0:29:58.659416
2015-06-25 17:43:28.840244,,302,0:30:04.304241
2015-06-25 17:43:29.912554,,303,0:30:05.376551
2015-06-25 17:43:32.568781,,304,0:30:08.032778
2015-06-25 17:43:42.336214,,305,0:30:17.800211
2015-06-25 17:44:38.390048,,306,0:31:13.854045
2015-06-25 17:44:40.166099,,307,0:31:15.630096
2015-06-25 17:44:40.486191,,308,0:31:15.950188
2015-06-25 17:44:42.413829,,309,0:31:17.877826
2015-06-25 17:44:42.998146,,310,0:31:18.462143
2015-06-25 17:44:45.590083,,311,0:31:21.054080
2015-06-25 17:44:48.933843,,312,0:31:24.397840
2015-06-25 17:44:51.054066,,313,0:31:26.518063
2015-06-25 17:44:52.109932,,314,0:31:27.573929
2015-06-25 17:44:53.813787,,315,0:31:29.277784
2015-06-25 17:44:56.453729,,316,0:31:31.917726
2015-06-25 17:45:01.810378,,317,0:31:37.274375
2015-06-25 17:45:53.108442,,318,0:32:28.572439
2015-06-25 17:45:54.868486,,319,0:32:30.332483
2015-06-25 17:45:55.979969,,320,0:32:31.443966
2015-06-25 17:45:58.148392,,321,0:32:33.612389
2015-06-25 17:46:00.571611,,322,0:32:36.035608
2015-06-25 17:46:00.948239,,323,0:32:36.412236
2015-06-25 17:46:03.700291,,324,0:32:39.164288
2015-06-25 17:46:06.556085,,325,0:32:42.020082
2015-06-25 17:46:09.276182,,326,0:32:44.740179
2015-06-25 17:46:10.444142,,327,0:32:45.908139
2015-06-25 17:46:12.147720,,328,0:32:47.611717
2015-06-25 17:46:13.412034,,329,0:32:48.876031
2015-06-25 17:46:16.219985,,330,0:32:51.683982
2015-06-25 17:46:17.675937,,331,0:32:53.139934
2015-06-25 17:46:19.227821,,332,0:32:54.691818
2015-06-25 17:46:34.560720,,333,0:33:10.024717
2015-06-25 17:46:41.622847,,334,0:33:17.086844
2015-06-25 17:47:13.096226,,335,0:33:48.560223
2015-06-25 17:47:15.352577,,336,0:33:50.816574
2015-06-25 17:47:18.736573,,337,0:33:54.200570
2015-06-25 17:47:25.169701,,338,0:34:00.633698
2015-06-25 17:47:26.522218,,339,0:34:01.986215
2015-06-25 17:47:32.831471,,340,0:34:08.295468
2015-06-25 17:47:34.367618,,341,0:34:09.831615
2015-06-25 17:47:48.040866,,342,0:34:23.504863
2015-06-25 17:47:48.808899,,343,0:34:24.272896
2015-06-25 17:47:56.322185,,344,0:34:31.786182
2015-06-25 17:48:34.099044,,345,0:35:09.563041
2015-06-25 17:48:35.306679,,346,0:35:10.770676
2015-06-25 17:48:36.595139,,347,0:35:12.059136
2015-06-25 17:48:37.178451,,348,0:35:12.642448
2015-06-25 17:48:39.170981,,349,0:35:14.634978
2015-06-25 17:48:40.683020,,350,0:35:16.147017
2015-06-25 17:48:42.507043,,351,0:35:17.971040
2015-06-25 17:48:45.010397,,352,0:35:20.474394
2015-06-25 17:48:47.346298,,353,0:35:22.810295
2015-06-25 17:48:48.962774,,354,0:35:24.426771
2015-06-25 17:48:53.955909,,355,0:35:29.419906
2015-06-25 17:49:00.140978,,356,0:35:35.604975
2015-06-25 17:49:54.609408,,357,0:36:30.073405
2015-06-25 17:49:54.777666,,358,0:36:30.241663
2015-06-25 17:49:56.249734,,359,0:36:31.713731
2015-06-25 17:49:56.625608,,360,0:36:32.089605
2015-06-25 17:49:58.873634,,361,0:36:34.337631
2015-06-25 17:50:10.476155,,362,0:36:45.940152
2015-06-25 17:50:12.100283,,363,0:36:47.564280
2015-06-25 17:50:19.501661,,364,0:36:54.965658
2015-06-25 17:50:24.754873,,365,0:37:00.218870
2015-06-25 17:51:14.551703,,366,0:37:50.015700
2015-06-25 17:51:15.879686,,367,0:37:51.343683
2015-06-25 17:51:19.639495,,368,0:37:55.103492
2015-06-25 17:51:20.751777,,369,0:37:56.215774
2015-06-25 17:51:22.143559,,370,0:37:57.607556
2015-06-25 17:51:26.164456,,371,0:38:01.628453
2015-06-25 17:51:27.964445,,372,0:38:03.428442
2015-06-25 17:51:31.164360,,373,0:38:06.628357
2015-06-25 17:52:34.855411,,374,0:39:10.319408
2015-06-25 17:52:38.391775,,375,0:39:13.855772
2015-06-25 17:52:42.978025,,376,0:39:18.442022
2015-06-25 17:52:44.642164,,377,0:39:20.106161
2015-06-25 17:52:46.314151,,378,0:39:21.778148
2015-06-25 17:52:47.289713,,379,0:39:22.753710
2015-06-25 17:52:48.457894,,380,0:39:23.921891
2015-06-25 17:52:49.529940,,381,0:39:24.993937
2015-06-25 17:52:50.242161,,382,0:39:25.706158
2015-06-25 17:52:52.369966,,383,0:39:27.833963
2015-06-25 17:52:58.633655,,384,0:39:34.097652
2015-06-25 17:53:01.617172,,385,0:39:37.081169
2015-06-25 17:53:32.367069,,386,0:40:07.831066
2015-06-25 17:53:54.457254,,387,0:40:29.921251
2015-06-25 17:53:56.353672,,388,0:40:31.817669
2015-06-25 17:53:58.889731,,389,0:40:34.353728
2015-06-25 17:54:02.025349,,390,0:40:37.489346
2015-06-25 17:54:03.217555,,391,0:40:38.681552
2015-06-25 17:54:03.729522,,392,0:40:39.193519
2015-06-25 17:54:15.510804,,393,0:40:50.974801
2015-06-25 17:54:16.822968,,394,0:40:52.286965
2015-06-25 17:54:18.263007,,395,0:40:53.727004
2015-06-25 17:54:29.477007,,396,0:41:04.941004
2015-06-25 17:54:41.145219,,397,0:41:16.609216
2015-06-25 17:55:13.300041,,398,0:41:48.764038
2015-06-25 17:55:14.459505,,399,0:41:49.923502
2015-06-25 17:55:16.804144,,400,0:41:52.268141
2015-06-25 17:55:20.573322,,401,0:41:56.037319
2015-06-25 17:55:24.206002,,402,0:41:59.669999
2015-06-25 17:55:36.761836,,403,0:42:12.225833
2015-06-25 17:56:34.672731,,404,0:43:10.136728
2015-06-25 17:56:35.984657,,405,0:43:11.448654
2015-06-25 17:56:39.400623,,406,0:43:14.864620
2015-06-25 17:56:42.104827,,407,0:43:17.568824
2015-06-25 17:56:42.984663,,408,0:43:18.448660
2015-06-25 17:56:44.728162,,409,0:43:20.192159
2015-06-25 17:56:45.432405,,410,0:43:20.896402
2015-06-25 17:56:47.240246,,411,0:43:22.704243
2015-06-25 17:56:56.453878,,412,0:43:31.917875
2015-06-25 17:56:59.590084,,413,0:43:35.054081
2015-06-25 17:57:20.104203,,414,0:43:55.568200
2015-06-25 17:57:28.824723,,415,0:44:04.288720
2015-06-25 17:57:53.173381,,416,0:44:28.637378
2015-06-25 17:57:53.613874,,417,0:44:29.077871
2015-06-25 17:57:55.165579,,418,0:44:30.629576
2015-06-25 17:57:56.749685,,419,0:44:32.213682
2015-06-25 17:57:58.621703,,420,0:44:34.085700
2015-06-25 17:57:58.989564,,421,0:44:34.453561
2015-06-25 17:58:02.876772,,422,0:44:38.340769
2015-06-25 17:58:07.164105,,423,0:44:42.628102
2015-06-25 17:58:12.014199,,424,0:44:47.478196
2015-06-25 17:58:13.190484,,425,0:44:48.654481
2015-06-25 17:58:13.526499,,426,0:44:48.990496
2015-06-25 17:58:16.422325,,427,0:44:51.886322
2015-06-25 17:58:17.318369,,428,0:44:52.782366
2015-06-25 17:58:20.334250,,429,0:44:55.798247
2015-06-25 17:58:28.788346,,430,0:45:04.252343
2015-06-25 17:58:34.716559,,431,0:45:10.180556
2015-06-25 17:58:39.535127,,432,0:45:14.999124
2015-06-25 17:59:15.411441,,433,0:45:50.875438
2015-06-25 17:59:17.611564,,434,0:45:53.075561
2015-06-25 17:59:18.787572,,435,0:45:54.251569
2015-06-25 17:59:20.795236,,436,0:45:56.259233
2015-06-25 17:59:21.019349,,437,0:45:56.483346
2015-06-25 17:59:23.611330,,438,0:45:59.075327
2015-06-25 17:59:23.859254,,439,0:45:59.323251
2015-06-25 17:59:27.736947,,440,0:46:03.200944
2015-06-25 17:59:28.688963,,441,0:46:04.152960
2015-06-25 17:59:29.897166,,442,0:46:05.361163
2015-06-25 17:59:31.273306,,443,0:46:06.737303
2015-06-25 17:59:32.128531,,444,0:46:07.592528
2015-06-25 17:59:37.157103,,445,0:46:12.621100
2015-06-25 17:59:51.952493,,446,0:46:27.416490
2015-06-25 18:00:36.374714,,447,0:47:11.838711
2015-06-25 18:00:36.903352,,448,0:47:12.367349
2015-06-25 18:00:38.791377,,449,0:47:14.255374
2015-06-25 18:00:41.967233,,450,0:47:17.431230
2015-06-25 18:00:42.591020,,451,0:47:18.055017
2015-06-25 18:00:44.431315,,452,0:47:19.895312
2015-06-25 18:00:45.062528,,453,0:47:20.526525
2015-06-25 18:00:46.063007,,454,0:47:21.527004
2015-06-25 18:00:48.382906,,455,0:47:23.846903
2015-06-25 18:00:50.895019,,456,0:47:26.359016
2015-06-25 18:00:52.654991,,457,0:47:28.118988
2015-06-25 18:00:54.286937,,458,0:47:29.750934
2015-06-25 18:00:57.966826,,459,0:47:33.430823
2015-06-25 18:01:01.537596,,460,0:47:37.001593
2015-06-25 18:01:28.574117,,461,0:48:04.038114
2015-06-25 18:01:45.473391,,462,0:48:20.937388
2015-06-25 18:01:46.961245,,463,0:48:22.425242
2015-06-25 18:01:50.241275,,464,0:48:25.705272
2015-06-25 18:01:52.577192,,465,0:48:28.041189
2015-06-25 18:01:54.041149,,466,0:48:29.505146
2015-06-25 18:01:55.601116,,467,0:48:31.065113
2015-06-25 18:01:56.401240,,468,0:48:31.865237
2015-06-25 18:01:57.416073,,469,0:48:32.880070
2015-06-25 18:02:01.697767,,470,0:48:37.161764
2015-06-25 18:02:01.961828,,471,0:48:37.425825
2015-06-25 18:02:05.265846,,472,0:48:40.729843
2015-06-25 18:02:44.512354,,473,0:49:19.976351
2015-06-25 18:02:47.600561,,474,0:49:23.064558
2015-06-25 18:03:07.819297,,475,0:49:43.283294
2015-06-25 18:03:21.091527,,476,0:49:56.555524
2015-06-25 18:03:27.955451,,477,0:50:03.419448
2015-06-25 18:03:49.554381,,478,0:50:25.018378
2015-06-25 18:03:51.698290,,479,0:50:27.162287
2015-06-25 18:04:00.418760,,480,0:50:35.882757
2015-06-25 18:04:02.410933,,481,0:50:37.874930
2015-06-25 18:04:03.418640,,482,0:50:38.882637
2015-06-25 18:04:05.475138,,483,0:50:40.939135
2015-06-25 18:04:06.746113,,484,0:50:42.210110
2015-06-25 18:04:08.018350,,485,0:50:43.482347
2015-06-25 18:04:18.689648,,486,0:50:54.153645
2015-06-25 18:04:49.381920,,487,0:51:24.845917
2015-06-25 18:04:52.118326,,488,0:51:27.582323
2015-06-25 18:04:55.102218,,489,0:51:30.566215
2015-06-25 18:04:57.518199,,490,0:51:32.982196
2015-06-25 18:04:59.574034,,491,0:51:35.038031
2015-06-25 18:05:02.428826,,492,0:51:37.892823
2015-06-25 18:05:14.383052,,493,0:51:49.847049
2015-06-25 18:05:15.463411,,494,0:51:50.927408
2015-06-25 18:05:17.838932,,495,0:51:53.302929
2015-06-25 18:05:18.102873,,496,0:51:53.566870
2015-06-25 18:05:19.814867,,497,0:51:55.278864
2015-06-25 18:05:20.135016,,498,0:51:55.599013
2015-06-25 18:05:23.039021,,499,0:51:58.503018
2015-06-25 18:05:47.897321,,500,0:52:23.361318
2015-06-25 18:05:48.089745,,501,0:52:23.553742
2015-06-25 18:05:51.569941,,502,0:52:27.033938
2015-06-25 18:05:54.520988,,503,0:52:29.984985
2015-06-25 18:05:55.705328,,504,0:52:31.169325
2015-06-25 18:05:57.225727,,505,0:52:32.689724
2015-06-25 18:05:57.465743,,506,0:52:32.929740
2015-06-25 18:05:59.321387,,507,0:52:34.785384
2015-06-25 18:06:01.897626,,508,0:52:37.361623
2015-06-25 18:06:02.569572,,509,0:52:38.033569
2015-06-25 18:06:04.353518,,510,0:52:39.817515
2015-06-25 18:06:04.825554,,511,0:52:40.289551
2015-06-25 18:06:08.401411,,512,0:52:43.865408
2015-06-25 18:06:08.609639,,513,0:52:44.073636
2015-06-25 18:06:11.249422,,514,0:52:46.713419
2015-06-25 18:06:34.268328,,515,0:53:09.732325
2015-06-25 18:06:38.284442,,516,0:53:13.748439
2015-06-25 18:06:48.480370,,517,0:53:23.944367
2015-06-25 18:06:52.623345,,518,0:53:28.087342
2015-06-25 18:06:53.536179,,519,0:53:29.000176
2015-06-25 18:07:05.175590,,520,0:53:40.639587
2015-06-25 18:07:05.575724,,521,0:53:41.039721
2015-06-25 18:07:06.791630,,522,0:53:42.255627
2015-06-25 18:07:09.167552,,523,0:53:44.631549
2015-06-25 18:07:11.663247,,524,0:53:47.127244
2015-06-25 18:07:12.191558,,525,0:53:47.655555
2015-06-25 18:07:17.971137,,526,0:53:53.435134
2015-06-25 18:07:21.251733,,527,0:53:56.715730
2015-06-25 18:07:24.907743,,528,0:54:00.371740
2015-06-25 18:07:26.531312,,529,0:54:01.995309
2015-06-25 18:07:27.491473,,530,0:54:02.955470
2015-06-25 18:07:47.362388,,531,0:54:22.826385
2015-06-25 18:07:49.442906,,532,0:54:24.906903
2015-06-25 18:07:52.442831,,533,0:54:27.906828
2015-06-25 18:07:53.050255,,534,0:54:28.514252
2015-06-25 18:07:54.898617,,535,0:54:30.362614
2015-06-25 18:07:56.914773,,536,0:54:32.378770
2015-06-25 18:08:01.297943,,537,0:54:36.761940
2015-06-25 18:08:10.730662,,538,0:54:46.194659
2015-06-25 18:08:13.034774,,539,0:54:48.498771
2015-06-25 18:08:15.474604,,540,0:54:50.938601
2015-06-25 18:08:22.248822,,541,0:54:57.712819
2015-06-25 18:08:50.084664,,542,0:55:25.548661
2015-06-25 18:08:53.539496,,543,0:55:29.003493
2015-06-25 18:08:54.580465,,544,0:55:30.044462
2015-06-25 18:08:56.156484,,545,0:55:31.620481
2015-06-25 18:08:57.156467,,546,0:55:32.620464
2015-06-25 18:08:59.492548,,547,0:55:34.956545
2015-06-25 18:09:01.028487,,548,0:55:36.492484
2015-06-25 18:09:02.076489,,549,0:55:37.540486
2015-06-25 18:09:02.884392,,550,0:55:38.348389
2015-06-25 18:09:04.604121,,551,0:55:40.068118
2015-06-25 18:09:07.667938,,552,0:55:43.131935
2015-06-25 18:09:09.739927,,553,0:55:45.203924
2015-06-25 18:09:13.911773,,554,0:55:49.375770
2015-06-25 18:09:22.091878,,555,0:55:57.555875
2015-06-25 18:09:30.518165,,556,0:56:05.982162
2015-06-25 18:09:33.662639,,557,0:56:09.126636
2015-06-25 18:09:49.271184,,558,0:56:24.735181
2015-06-25 18:09:51.063580,,559,0:56:26.527577
2015-06-25 18:09:51.703390,,560,0:56:27.167387
2015-06-25 18:09:53.215339,,561,0:56:28.679336
2015-06-25 18:09:55.975200,,562,0:56:31.439197
2015-06-25 18:09:59.175205,,563,0:56:34.639202
2015-06-25 18:10:01.327056,,564,0:56:36.791053
2015-06-25 18:10:03.021964,,565,0:56:38.485961
2015-06-25 18:10:05.607120,,566,0:56:41.071117
2015-06-25 18:10:08.855056,,567,0:56:44.319053
2015-06-25 18:10:48.551186,,568,0:57:24.015183
2015-06-25 18:10:49.767382,,569,0:57:25.231379
2015-06-25 18:10:51.527122,,570,0:57:26.991119
2015-06-25 18:10:52.102982,,571,0:57:27.566979
2015-06-25 18:10:53.623152,,572,0:57:29.087149
2015-06-25 18:10:54.495110,,573,0:57:29.959107
2015-06-25 18:10:57.071166,,574,0:57:32.535163
2015-06-25 18:10:59.199014,,575,0:57:34.663011
2015-06-25 18:11:00.414266,,576,0:57:35.878263
2015-06-25 18:11:02.142731,,577,0:57:37.606728
2015-06-25 18:11:04.046490,,578,0:57:39.510487
2015-06-25 18:11:06.934838,,579,0:57:42.398835
2015-06-25 18:11:09.142658,,580,0:57:44.606655
2015-06-25 18:11:09.606079,,581,0:57:45.070076
2015-06-25 18:11:12.670683,,582,0:57:48.134680
2015-06-25 18:11:16.222779,,583,0:57:51.686776
2015-06-25 18:11:47.250283,,584,0:58:22.714280
2015-06-25 18:11:48.802650,,585,0:58:24.266647
2015-06-25 18:11:49.002654,,586,0:58:24.466651
2015-06-25 18:11:51.690668,,587,0:58:27.154665
2015-06-25 18:12:00.130242,,588,0:58:35.594239
2015-06-25 18:12:02.762346,,589,0:58:38.226343
2015-06-25 18:12:04.449104,,590,0:58:39.913101
2015-06-25 18:12:33.625356,,591,0:59:09.089353
2015-06-25 18:12:51.317179,,592,0:59:26.781176
2015-06-25 18:12:52.413485,,593,0:59:27.877482
2015-06-25 18:12:53.189311,,594,0:59:28.653308
2015-06-25 18:12:53.917273,,595,0:59:29.381270
2015-06-25 18:12:54.837387,,596,0:59:30.301384
2015-06-25 18:12:58.125229,,597,0:59:33.589226
2015-06-25 18:12:59.821360,,598,0:59:35.285357
2015-06-25 18:13:02.461203,,599,0:59:37.925200
2015-06-25 18:13:27.316503,,600,1:00:02.780500
2015-06-25 18:13:47.359606,,601,1:00:22.823603
2015-06-25 18:13:51.167750,,602,1:00:26.631747
2015-06-25 18:13:53.727744,,603,1:00:29.191741
2015-06-25 18:13:55.718409,,604,1:00:31.182406
2015-06-25 18:13:56.135680,,605,1:00:31.599677
2015-06-25 18:13:58.615490,,606,1:00:34.079487
2015-06-25 18:14:01.519720,,607,1:00:36.983717
2015-06-25 18:14:47.905897,,608,1:01:23.369894
2015-06-25 18:14:50.081853,,609,1:01:25.545850
2015-06-25 18:14:52.121816,,610,1:01:27.585813
2015-06-25 18:14:52.705761,,611,1:01:28.169758
2015-06-25 18:14:55.273648,,612,1:01:30.737645
2015-06-25 18:14:56.145133,,613,1:01:31.609130
2015-06-25 18:14:59.305406,,614,1:01:34.769403
2015-06-25 18:15:00.473616,,615,1:01:35.937613
2015-06-25 18:15:01.760846,,616,1:01:37.224843
2015-06-25 18:15:03.769634,,617,1:01:39.233631
2015-06-25 18:15:05.153666,,618,1:01:40.617663
2015-06-25 18:15:09.259024,,619,1:01:44.723021
2015-06-25 18:15:11.683455,,620,1:01:47.147452
2015-06-25 18:15:39.147616,,621,1:02:14.611613
2015-06-25 18:15:48.159446,,622,1:02:23.623443
2015-06-25 18:15:48.735591,,623,1:02:24.199588
2015-06-25 18:15:51.263417,,624,1:02:26.727414
2015-06-25 18:15:51.575399,,625,1:02:27.039396
2015-06-25 18:15:53.511554,,626,1:02:28.975551
2015-06-25 18:15:57.960988,,627,1:02:33.424985
2015-06-25 18:15:58.992989,,628,1:02:34.456986
2015-06-25 18:15:59.792971,,629,1:02:35.256968
2015-06-25 18:16:01.104806,,630,1:02:36.568803
2015-06-25 18:16:02.929080,,631,1:02:38.393077
2015-06-25 18:16:07.519946,,632,1:02:42.983943
2015-06-25 18:16:10.095565,,633,1:02:45.559562
2015-06-25 18:16:12.456253,,634,1:02:47.920250
2015-06-25 18:16:15.352062,,635,1:02:50.816059
2015-06-25 18:16:46.973649,,636,1:03:22.437646
2015-06-25 18:16:49.909573,,637,1:03:25.373570
2015-06-25 18:16:52.597594,,638,1:03:28.061591
2015-06-25 18:16:53.469633,,639,1:03:28.933630
2015-06-25 18:16:56.565591,,640,1:03:32.029588
2015-06-25 18:16:57.053396,,641,1:03:32.517393
2015-06-25 18:16:58.981324,,642,1:03:34.445321
2015-06-25 18:17:00.661266,,643,1:03:36.125263
2015-06-25 18:17:00.877409,,644,1:03:36.341406
2015-06-25 18:17:03.613257,,645,1:03:39.077254
2015-06-25 18:17:04.997021,,646,1:03:40.461018
2015-06-25 18:17:05.229246,,647,1:03:40.693243
2015-06-25 18:17:08.861173,,648,1:03:44.325170
2015-06-25 18:17:10.501281,,649,1:03:45.965278
2015-06-25 18:17:19.021950,,650,1:03:54.485947
2015-06-25 18:17:29.204309,,651,1:04:04.668306
2015-06-25 18:17:47.214688,,652,1:04:22.678685
2015-06-25 18:17:50.030792,,653,1:04:25.494789
2015-06-25 18:17:51.014907,,654,1:04:26.478904
2015-06-25 18:17:56.403486,,655,1:04:31.867483
2015-06-25 18:17:57.811907,,656,1:04:33.275904
2015-06-25 18:18:02.607136,,657,1:04:38.071133
2015-06-25 18:18:05.143230,,658,1:04:40.607227
2015-06-25 18:18:06.831016,,659,1:04:42.295013
2015-06-25 18:18:09.350963,,660,1:04:44.814960
2015-06-25 18:18:22.893672,,661,1:04:58.357669
2015-06-25 18:18:47.984005,,662,1:05:23.448002
2015-06-25 18:18:49.103555,,663,1:05:24.567552
2015-06-25 18:18:49.784142,,664,1:05:25.248139
2015-06-25 18:18:51.960157,,665,1:05:27.424154
2015-06-25 18:18:52.592024,,666,1:05:28.056021
2015-06-25 18:18:54.439984,,667,1:05:29.903981
2015-06-25 18:18:54.999998,,668,1:05:30.463995
2015-06-25 18:19:00.399827,,669,1:05:35.863824
2015-06-25 18:19:03.295983,,670,1:05:38.759980
2015-06-25 18:19:08.401368,,671,1:05:43.865365
2015-06-25 18:19:47.521653,,672,1:06:22.985650
2015-06-25 18:19:49.513984,,673,1:06:24.977981
2015-06-25 18:19:50.521952,,674,1:06:25.985949
2015-06-25 18:19:51.378013,,675,1:06:26.842010
2015-06-25 18:19:55.187548,,676,1:06:30.651545
2015-06-25 18:19:55.763530,,677,1:06:31.227527
2015-06-25 18:19:58.867635,,678,1:06:34.331632
2015-06-25 18:20:01.915610,,679,1:06:37.379607
2015-06-25 18:20:05.894286,,680,1:06:41.358283
2015-06-25 18:20:07.294093,,681,1:06:42.758090
2015-06-25 18:20:08.486377,,682,1:06:43.950374
2015-06-25 18:20:10.709960,,683,1:06:46.173957
2015-06-25 18:20:14.046274,,684,1:06:49.510271
2015-06-25 18:20:26.690442,,685,1:07:02.154439
2015-06-25 18:20:46.265992,,686,1:07:21.729989
2015-06-25 18:20:50.681928,,687,1:07:26.145925
2015-06-25 18:20:50.866134,,688,1:07:26.330131
2015-06-25 18:20:52.609350,,689,1:07:28.073347
2015-06-25 18:20:55.498103,,690,1:07:30.962100
2015-06-25 18:20:56.297882,,691,1:07:31.761879
2015-06-25 18:20:57.785784,,692,1:07:33.249781
2015-06-25 18:21:00.233860,,693,1:07:35.697857
2015-06-25 18:21:02.601707,,694,1:07:38.065704
2015-06-25 18:21:48.602865,,695,1:08:24.066862
2015-06-25 18:21:51.410698,,696,1:08:26.874695
2015-06-25 18:21:56.770957,,697,1:08:32.234954
2015-06-25 18:21:58.219100,,698,1:08:33.683097
2015-06-25 18:21:58.626930,,699,1:08:34.090927
2015-06-25 18:22:00.499030,,700,1:08:35.963027
2015-06-25 18:22:03.426989,,701,1:08:38.890986
2015-06-25 18:22:05.891004,,702,1:08:41.355001
2015-06-25 18:22:45.348004,,703,1:09:20.812001
2015-06-25 18:22:48.132048,,704,1:09:23.596045
2015-06-25 18:22:55.519652,,705,1:09:30.983649
2015-06-25 18:22:57.919761,,706,1:09:33.383758
2015-06-25 18:23:00.047647,,707,1:09:35.511644
2015-06-25 18:23:01.655270,,708,1:09:37.119267
2015-06-25 18:23:01.991581,,709,1:09:37.455578
2015-06-25 18:23:03.479609,,710,1:09:38.943606
2015-06-25 18:23:06.055447,,711,1:09:41.519444
2015-06-25 18:23:06.327513,,712,1:09:41.791510
2015-06-25 18:23:34.656076,,713,1:10:10.120073
2015-06-25 18:23:47.520283,,714,1:10:22.984280
2015-06-25 18:23:49.696443,,715,1:10:25.160440
2015-06-25 18:23:51.008256,,716,1:10:26.472253
2015-06-25 18:23:52.720240,,717,1:10:28.184237
2015-06-25 18:24:00.070590,,718,1:10:35.534587
2015-06-25 18:24:01.670628,,719,1:10:37.134625
2015-06-25 18:24:02.070984,,720,1:10:37.534981
2015-06-25 18:24:04.383062,,721,1:10:39.847059
2015-06-25 18:24:05.310728,,722,1:10:40.774725
2015-06-25 18:24:08.486827,,723,1:10:43.950824
2015-06-25 18:24:09.694375,,724,1:10:45.158372
2015-06-25 18:24:10.790750,,725,1:10:46.254747
2015-06-25 18:24:12.902738,,726,1:10:48.366735
2015-06-25 18:24:17.496196,,727,1:10:52.960193
2015-06-25 18:24:26.295975,,728,1:11:01.759972
2015-06-25 18:24:30.515318,,729,1:11:05.979315
2015-06-25 18:24:48.489575,,730,1:11:23.953572
2015-06-25 18:24:48.785881,,731,1:11:24.249878
2015-06-25 18:24:51.905825,,732,1:11:27.369822
2015-06-25 18:24:53.345783,,733,1:11:28.809780
2015-06-25 18:24:53.753730,,734,1:11:29.217727
2015-06-25 18:24:55.865663,,735,1:11:31.329660
2015-06-25 18:24:57.457721,,736,1:11:32.921718
2015-06-25 18:25:01.201391,,737,1:11:36.665388
2015-06-25 18:25:03.689420,,738,1:11:39.153417
2015-06-25 18:25:51.853725,,739,1:12:27.317722
2015-06-25 18:25:54.453528,,740,1:12:29.917525
2015-06-25 18:25:56.341454,,741,1:12:31.805451
2015-06-25 18:25:56.573222,,742,1:12:32.037219
2015-06-25 18:25:58.661474,,743,1:12:34.125471
2015-06-25 18:26:01.573111,,744,1:12:37.037108
2015-06-25 18:26:05.260993,,745,1:12:40.724990
2015-06-25 18:26:07.645114,,746,1:12:43.109111
2015-06-25 18:26:09.596668,,747,1:12:45.060665
2015-06-25 18:26:25.101058,,748,1:13:00.565055
2015-06-25 18:26:45.452817,,749,1:13:20.916814
2015-06-25 18:26:49.533057,,750,1:13:24.997054
2015-06-25 18:26:50.997035,,751,1:13:26.461032
2015-06-25 18:26:54.149114,,752,1:13:29.613111
2015-06-25 18:26:55.404979,,753,1:13:30.868976
2015-06-25 18:26:56.549099,,754,1:13:32.013096
2015-06-25 18:26:58.069103,,755,1:13:33.533100
2015-06-25 18:27:00.821149,,756,1:13:36.285146
2015-06-25 18:27:07.318532,,757,1:13:42.782529
2015-06-25 18:27:26.633715,,758,1:14:02.097712
2015-06-25 18:27:50.637331,,759,1:14:26.101328
2015-06-25 18:27:59.933286,,760,1:14:35.397283
2015-06-25 18:28:05.227369,,761,1:14:40.691366
2015-06-25 18:28:49.556136,,762,1:15:25.020133
2015-06-25 18:28:52.052755,,763,1:15:27.516752
2015-06-25 18:28:53.500683,,764,1:15:28.964680
2015-06-25 18:28:56.292757,,765,1:15:31.756754
2015-06-25 18:28:59.532220,,766,1:15:34.996217
2015-06-25 18:29:01.860751,,767,1:15:37.324748
2015-06-25 18:29:04.660719,,768,1:15:40.124716
2015-06-25 18:29:24.592169,,769,1:16:00.056166
2015-06-25 18:29:47.617546,,770,1:16:23.081543
2015-06-25 18:29:48.649882,,771,1:16:24.113879
2015-06-25 18:29:50.313822,,772,1:16:25.777819
2015-06-25 18:29:53.097586,,773,1:16:28.561583
2015-06-25 18:29:55.745937,,774,1:16:31.209934
2015-06-25 18:29:58.041745,,775,1:16:33.505742
2015-06-25 18:30:04.025960,,776,1:16:39.489957
2015-06-25 18:30:06.066202,,777,1:16:41.530199
2015-06-25 18:30:09.530155,,778,1:16:44.994152
2015-06-25 18:30:11.529846,,779,1:16:46.993843
2015-06-25 18:30:18.844852,,780,1:16:54.308849
2015-06-25 18:30:51.871476,,781,1:17:27.335473
2015-06-25 18:30:53.119016,,782,1:17:28.583013
2015-06-25 18:30:56.623314,,783,1:17:32.087311
2015-06-25 18:30:57.519280,,784,1:17:32.983277
2015-06-25 18:30:58.975660,,785,1:17:34.439657
2015-06-25 18:31:00.863601,,786,1:17:36.327598
2015-06-25 18:31:02.303372,,787,1:17:37.767369
2015-06-25 18:31:06.861274,,788,1:17:42.325271
2015-06-25 18:31:09.461052,,789,1:17:44.925049
2015-06-25 18:31:12.293474,,790,1:17:47.757471
2015-06-25 18:31:14.748930,,791,1:17:50.212927
2015-06-25 18:31:47.049899,,792,1:18:22.513896
2015-06-25 18:31:49.417818,,793,1:18:24.881815
2015-06-25 18:31:53.231281,,794,1:18:28.695278
2015-06-25 18:31:54.951255,,795,1:18:30.415252
2015-06-25 18:31:56.119502,,796,1:18:31.583499
2015-06-25 18:31:57.854644,,797,1:18:33.318641
2015-06-25 18:31:58.983493,,798,1:18:34.447490
2015-06-25 18:32:01.399770,,799,1:18:36.863767
2015-06-25 18:32:03.127367,,800,1:18:38.591364
2015-06-25 18:32:05.975842,,801,1:18:41.439839
2015-06-25 18:32:16.509777,,802,1:18:51.973774
2015-06-25 18:32:23.892717,,803,1:18:59.356714
2015-06-25 18:32:53.802992,,804,1:19:29.266989
2015-06-25 18:32:53.977513,,805,1:19:29.441510
2015-06-25 18:32:56.449730,,806,1:19:31.913727
2015-06-25 18:32:58.337747,,807,1:19:33.801744
2015-06-25 18:32:58.905633,,808,1:19:34.369630
2015-06-25 18:33:02.313689,,809,1:19:37.777686
2015-06-25 18:33:06.045959,,810,1:19:41.509956
2015-06-25 18:33:06.750162,,811,1:19:42.214159
2015-06-25 18:33:08.054154,,812,1:19:43.518151
2015-06-25 18:33:34.593305,,813,1:20:10.057302
2015-06-25 18:33:47.693131,,814,1:20:23.157128
2015-06-25 18:33:49.092143,,815,1:20:24.556140
2015-06-25 18:33:53.661443,,816,1:20:29.125440
2015-06-25 18:33:55.582079,,817,1:20:31.046076
2015-06-25 18:34:04.551933,,818,1:20:40.015930
2015-06-25 18:34:13.848437,,819,1:20:49.312434
2015-06-25 18:34:25.650440,,820,1:21:01.114437
2015-06-25 18:34:28.113862,,821,1:21:03.577859
2015-06-25 18:34:48.304415,,822,1:21:23.768412
2015-06-25 18:34:49.993491,,823,1:21:25.457488
2015-06-25 18:34:50.833353,,824,1:21:26.297350
2015-06-25 18:34:52.441390,,825,1:21:27.905387
2015-06-25 18:34:55.657036,,826,1:21:31.121033
2015-06-25 18:34:58.553422,,827,1:21:34.017419
2015-06-25 18:35:00.089425,,828,1:21:35.553422
2015-06-25 18:35:00.561414,,829,1:21:36.025411
2015-06-25 18:35:04.105158,,830,1:21:39.569155
2015-06-25 18:35:04.449461,,831,1:21:39.913458
2015-06-25 18:35:05.753352,,832,1:21:41.217349
2015-06-25 18:35:07.777447,,833,1:21:43.241444
2015-06-25 18:35:10.377599,,834,1:21:45.841596
2015-06-25 18:35:12.065437,,835,1:21:47.529434
2015-06-25 18:35:12.785438,,836,1:21:48.249435
2015-06-25 18:35:16.105574,,837,1:21:51.569571
2015-06-25 18:35:49.320610,,838,1:22:24.784607
2015-06-25 18:35:50.001038,,839,1:22:25.465035
2015-06-25 18:35:54.176890,,840,1:22:29.640887
2015-06-25 18:35:57.448976,,841,1:22:32.912973
2015-06-25 18:35:57.617089,,842,1:22:33.081086
2015-06-25 18:35:58.576989,,843,1:22:34.040986
2015-06-25 18:36:02.376674,,844,1:22:37.840671
2015-06-25 18:36:13.460560,,845,1:22:48.924557
2015-06-25 18:36:18.342074,,846,1:22:53.806071
2015-06-25 18:36:20.606731,,847,1:22:56.070728
2015-06-25 18:36:20.893581,,848,1:22:56.357578
2015-06-25 18:36:23.190162,,849,1:22:58.654159
2015-06-25 18:36:47.671887,1100,850,1:23:23.135884
2015-06-25 18:36:51.839722,,851,1:23:27.303719
2015-06-25 18:36:53.839730,,852,1:23:29.303727
2015-06-25 18:36:54.095851,,853,1:23:29.559848
2015-06-25 18:36:55.935831,,854,1:23:31.399828
2015-06-25 18:36:56.343930,,855,1:23:31.807927
2015-06-25 18:36:57.767419,,856,1:23:33.231416
2015-06-25 18:37:01.736002,,857,1:23:37.199999
2015-06-25 18:37:08.910568,,858,1:23:44.374565
2015-06-25 18:37:12.126784,,859,1:23:47.590781
2015-06-25 18:37:17.776945,,860,1:23:53.240942
2015-06-25 18:37:19.081226,,861,1:23:54.545223
2015-06-25 18:37:24.758946,,862,1:24:00.222943
2015-06-25 18:37:48.811552,,863,1:24:24.275549
2015-06-25 18:37:50.795714,,864,1:24:26.259711
2015-06-25 18:37:51.707592,,865,1:24:27.171589
2015-06-25 18:37:53.819687,,866,1:24:29.283684
2015-06-25 18:37:54.611755,,867,1:24:30.075752
2015-06-25 18:37:56.579590,,868,1:24:32.043587
2015-06-25 18:37:58.747836,,869,1:24:34.211833
2015-06-25 18:38:00.523775,,870,1:24:35.987772
2015-06-25 18:38:05.720155,,871,1:24:41.184152
2015-06-25 18:38:06.536480,,872,1:24:42.000477
2015-06-25 18:38:07.696518,,873,1:24:43.160515
2015-06-25 18:38:09.432385,,874,1:24:44.896382
2015-06-25 18:38:10.656171,,875,1:24:46.120168
2015-06-25 18:38:41.490450,,876,1:25:16.954447
2015-06-25 18:38:45.690527,,877,1:25:21.154524
2015-06-25 18:38:56.017259,,878,1:25:31.481256
2015-06-25 18:38:58.393426,,879,1:25:33.857423
2015-06-25 18:39:02.256543,,880,1:25:37.720540
2015-06-25 18:39:04.448645,,881,1:25:39.912642
2015-06-25 18:39:05.729327,,882,1:25:41.193324
2015-06-25 18:39:08.257357,,883,1:25:43.721354
2015-06-25 18:39:09.433041,,884,1:25:44.897038
2015-06-25 18:39:15.377499,,885,1:25:50.841496
2015-06-25 18:39:43.443946,3000,886,1:26:18.907943
2015-06-25 18:39:47.203304,3000,887,1:26:22.667301
